zh_TW,zh-CN,en-En,MiTrade,th-TH,泰文字數,建議字數,jp-JP,日文字數,建議字數,kr-KR,韓文字數,建議字數,vn-VN,越文字數,建議字數,jsonKey
搜尋,,,,,,,,,,,,,,,,search.a1
清除,,,,,,,,,,,,,,,,search.a2
其他篩選條件,,,,,,,,,,,,,,,,search.a3
清除所有篩選條件,,,,,,,,,,,,,,,,search.a4
篩選,,,,,,,,,,,,,,,,search.a5
日期,,,,,,,,,,,,,,,,search.a6
起始日期,,,,,,,,,,,,,,,,search.a7
結束日期,,,,,,,,,,,,,,,,search.a8
請選擇國家,,,,,,,,,,,,,,,,search.a9
請輸入姓名來搜尋,,,,,,,,,,,,,,,,search.a10
交易數量,,,,,,,,,,,,,,,,search.a11
交易品項,,,,,,,,,,,,,,,,search.a12
請選擇交易品項,,,,,,,,,,,,,,,,search.a13
交易方向,,,,,,,,,,,,,,,,search.a14
請選擇交易方向,,,,,,,,,,,,,,,,search.a15
買入,,,,,,,,,,,,,,,,search.a16
賣出,,,,,,,,,,,,,,,,search.a17
逐倉,,,,,,,,,,,,,,,,search.a18
請選擇類型,,,,,,,,,,,,,,,,search.a19
請輸入用戶編號來搜尋,,,,,,,,,,,,,,,,search.a20
請輸入手機號碼來搜尋,,,,,,,,,,,,,,,,search.a21
驗證狀態,,,,,,,,,,,,,,,,search.a22
註冊時間,,,,,,,,,,,,,,,,search.a23
總入金金額,,,,,,,,,,,,,,,,search.a24
總交易金額,,,,,,,,,,,,,,,,search.a25
代理推薦碼,,,,,,,,,,,,,,,,search.a26
用戶標籤,,,,,,,,,,,,,,,,search.a27
請輸入姓名、手機號碼來搜尋,,,,,,,,,,,,,,,,search.a28
入金方式,,,,,,,,,,,,,,,,search.a29
入金金額,,,,,,,,,,,,,,,,search.a30
品種,,,,,,,,,,,,,,,,search.a31
標籤,,,,,,,,,,,,,,,,search.a32
狀態,,,,,,,,,,,,,,,,search.a33
槓桿,,,,,,,,,,,,,,,,search.a34
點差,,,,,,,,,,,,,,,,search.a35
請輸入貨幣名稱,,,,,,,,,,,,,,,,search.a36
請輸入貨幣兌,,,,,,,,,,,,,,,,search.a37
出入金管理,,,,,,,,,,,,,,,,depositWithdrawalManagement.a1
入金列表,,,,,,,,,,,,,,,,depositWithdrawalManagement.a2
刷新倒數 {參數} 秒,,,,,,,,,,,,,,,,depositWithdrawalManagement.a3
訂單號,,,,,,,,,,,,,,,,depositWithdrawalManagement.a4
入金狀態,,,,,,,,,,,,,,,,depositWithdrawalManagement.a5
用戶編號,,,,,,,,,,,,,,,,depositWithdrawalManagement.a6
真實姓名,,,,,,,,,,,,,,,,depositWithdrawalManagement.a7
手機號碼,,,,,,,,,,,,,,,,depositWithdrawalManagement.a8
入金金額(美金),,,,,,,,,,,,,,,,depositWithdrawalManagement.a9
入金方式,,,,,,,,,,,,,,,,depositWithdrawalManagement.a10
國家,,,,,,,,,,,,,,,,depositWithdrawalManagement.a11
申請時間,,,,,,,,,,,,,,,,depositWithdrawalManagement.a12
操作時間,,,,,,,,,,,,,,,,depositWithdrawalManagement.a13
回調時間,,,,,,,,,,,,,,,,depositWithdrawalManagement.a14
備註,,,,,,,,,,,,,,,,depositWithdrawalManagement.a15
未支付,,,,,,,,,,,,,,,,depositWithdrawalManagement.a16
已支付,,,,,,,,,,,,,,,,depositWithdrawalManagement.a17
失敗,,,,,,,,,,,,,,,,depositWithdrawalManagement.a18
審核中,,,,,,,,,,,,,,,,depositWithdrawalManagement.a19
入金時間,,,,,,,,,,,,,,,,depositWithdrawalManagement.a20
鎖定人員,,,,,,,,,,,,,,,,depositWithdrawalManagement.a21
鎖定時間,,,,,,,,,,,,,,,,depositWithdrawalManagement.a22
鎖定,,,,,,,,,,,,,,,,depositWithdrawalManagement.a23
審核確認,,,,,,,,,,,,,,,,depositWithdrawalManagement.a24
人工補入,,,,,,,,,,,,,,,,depositWithdrawalManagement.a25
調整金額,,,,,,,,,,,,,,,,depositWithdrawalManagement.a26
無資料,,,,,,,,,,,,,,,,depositWithdrawalManagement.a27
人工補入金額,,,,,,,,,,,,,,,,depositWithdrawalManagement.a28
"選擇人工補入之後，系統將會重新確認該使用者的匯款資訊，並重新更新匯款狀態。\n\n
若使用者有確實匯款，也會一併更新帳戶餘額的顯示內容。\n\n
確定要人工補入嗎?",,,,,,,,,,,,,,,,depositWithdrawalManagement.a29
請輸入使用者的匯款金額，並再次確認使用者確實有匯入該筆款項。,,,,,,,,,,,,,,,,depositWithdrawalManagement.a30
入金金額,,,,,,,,,,,,,,,,depositWithdrawalManagement.a31
確定要調整金額嗎?,,,,,,,,,,,,,,,,depositWithdrawalManagement.a32
入金審核確認,,,,,,,,,,,,,,,,depositWithdrawalManagement.a33
確定要審核該使用者的入金嗎?\n\n入金後無法取消或反悔，請再次確認金額無誤。,,,,,,,,,,,,,,,,depositWithdrawalManagement.a34
審核入金,,,,,,,,,,,,,,,,depositWithdrawalManagement.a35
請填寫備註,,,,,,,,,,,,,,,,depositWithdrawalManagement.a36
送出,,,,,,,,,,,,,,,,depositWithdrawalManagement.a37
出金列表,,,,,,,,,,,,,,,,depositWithdrawalManagement.a38
出金狀態,,,,,,,,,,,,,,,,depositWithdrawalManagement.a39
出金金額(美金),,,,,,,,,,,,,,,,depositWithdrawalManagement.a40
出金方式,,,,,,,,,,,,,,,,depositWithdrawalManagement.a41
其他資訊,,,,,,,,,,,,,,,,depositWithdrawalManagement.a42
資金退回,,,,,,,,,,,,,,,,depositWithdrawalManagement.a43
審核失敗,,,,,,,,,,,,,,,,depositWithdrawalManagement.a44
出金完成,,,,,,,,,,,,,,,,depositWithdrawalManagement.a45
審核中,,,,,,,,,,,,,,,,depositWithdrawalManagement.a46
處理中,,,,,,,,,,,,,,,,depositWithdrawalManagement.a47
支付時間,,,,,,,,,,,,,,,,depositWithdrawalManagement.a48
拒絕,,,,,,,,,,,,,,,,depositWithdrawalManagement.a49
出金審核確認,,,,,,,,,,,,,,,,depositWithdrawalManagement.a50
"確定要審核該使用者的出金嗎?\n\n
出金後無法取消或反悔，請再次確認金額無誤。",,,,,,,,,,,,,,,,depositWithdrawalManagement.a51
出金金額,,,,,,,,,,,,,,,,depositWithdrawalManagement.a52
請選擇出金通道,,,,,,,,,,,,,,,,depositWithdrawalManagement.a53
審核出金,,,,,,,,,,,,,,,,depositWithdrawalManagement.a54
拒絕出金,,,,,,,,,,,,,,,,depositWithdrawalManagement.a55
"確定要拒絕該用戶得出金嗎?\n\n
請填寫拒絕出金的原因，以便用戶後續再次申請。",,,,,,,,,,,,,,,,depositWithdrawalManagement.a56
入金設定,,,,,,,,,,,,,,,,depositWithdrawalManagement.a57
額度手續費設定,,,,,,,,,,,,,,,,depositWithdrawalManagement.a58
入金方式列表,,,,,,,,,,,,,,,,depositWithdrawalManagement.a59
入金通道設定,,,,,,,,,,,,,,,,depositWithdrawalManagement.a60
入金額度設定,,,,,,,,,,,,,,,,depositWithdrawalManagement.a61
幣值,,,,,,,,,,,,,,,,depositWithdrawalManagement.a62
首次最低入金額度,,,,,,,,,,,,,,,,depositWithdrawalManagement.a63
最低入金額度,,,,,,,,,,,,,,,,depositWithdrawalManagement.a64
人工審核額度,,,,,,,,,,,,,,,,depositWithdrawalManagement.a65
手續費設定,,,,,,,,,,,,,,,,depositWithdrawalManagement.a66
規則,,,,,,,,,,,,,,,,depositWithdrawalManagement.a67
高於等於,,,,,,,,,,,,,,,,depositWithdrawalManagement.a68
手續費規則,,,,,,,,,,,,,,,,depositWithdrawalManagement.a69
固定金額,,,,,,,,,,,,,,,,depositWithdrawalManagement.a70
比例,,,,,,,,,,,,,,,,depositWithdrawalManagement.a71
手續費,,,,,,,,,,,,,,,,depositWithdrawalManagement.a72
動作,,,,,,,,,,,,,,,,depositWithdrawalManagement.a73
所屬層級,,,,,,,,,,,,,,,,depositWithdrawalManagement.a74
請選擇出金通道,,,,,,,,,,,,,,,,depositWithdrawalManagement.a75
開放之用戶層級,,,,,,,,,,,,,,,,depositWithdrawalManagement.a76
顯示名稱,,,,,,,,,,,,,,,,depositWithdrawalManagement.a77
單筆最小額度,,,,,,,,,,,,,,,,depositWithdrawalManagement.a78
單筆最大額度,,,,,,,,,,,,,,,,depositWithdrawalManagement.a79
沒有你想要的支付方式?,,,,,,,,,,,,,,,,depositWithdrawalManagement.a80
通道名稱,,,,,,,,,,,,,,,,depositWithdrawalManagement.a81
通道代碼,,,,,,,,,,,,,,,,depositWithdrawalManagement.a82
接口域名,,,,,,,,,,,,,,,,depositWithdrawalManagement.a83
出金設定,,,,,,,,,,,,,,,,depositWithdrawalManagement.a84
出金次數＆手續費設定,,,,,,,,,,,,,,,,depositWithdrawalManagement.a85
出金方式列表,,,,,,,,,,,,,,,,depositWithdrawalManagement.a86
出金通道設定,,,,,,,,,,,,,,,,depositWithdrawalManagement.a87
出金次數,,,,,,,,,,,,,,,,depositWithdrawalManagement.a88
24小時可出金次數,,,,,,,,,,,,,,,,depositWithdrawalManagement.a89
24小時免費出金次數,,,,,,,,,,,,,,,,depositWithdrawalManagement.a90
單筆最低取款金額,,,,,,,,,,,,,,,,depositWithdrawalManagement.a91
單筆最高取款金額,,,,,,,,,,,,,,,,depositWithdrawalManagement.a92
出金時間,,,,,,,,,,,,,,,,depositWithdrawalManagement.a93
週,,,,,,,,,,,,,,,,depositWithdrawalManagement.a94
時間,,,,,,,,,,,,,,,,depositWithdrawalManagement.a95
低於,,,,,,,,,,,,,,,,depositWithdrawalManagement.a96
公司帳戶設定,,,,,,,,,,,,,,,,depositWithdrawalManagement.a97
帳戶列表,,,,,,,,,,,,,,,,depositWithdrawalManagement.a98
順位,,,,,,,,,,,,,,,,depositWithdrawalManagement.a99
帳戶名稱,,,,,,,,,,,,,,,,depositWithdrawalManagement.a100
帳戶,,,,,,,,,,,,,,,,depositWithdrawalManagement.a101
銀行代碼,,,,,,,,,,,,,,,,depositWithdrawalManagement.a102
修改公司帳戶,,,,,,,,,,,,,,,,depositWithdrawalManagement.a103
帳號順位,,,,,,,,,,,,,,,,depositWithdrawalManagement.a104
帳戶號碼,,,,,,,,,,,,,,,,depositWithdrawalManagement.a105
一般設定,,,,,,,,,,,,,,,,setting.title
後台人員列表,,,,,,,,,,,,,,,,setting.staffList
權限群組設定,,,,,,,,,,,,,,,,setting.permissionGroupSettings
操作記錄,,,,,,,,,,,,,,,,setting.OperationRecord
多國語言設定,,,,,,,,,,,,,,,,setting.languageSettings
狀態,,,,,,,,,,,,,,,,setting.state
姓名,,,,,,,,,,,,,,,,setting.name
權限群組,,,,,,,,,,,,,,,,setting.permissionGroup
Email,,,,,,,,,,,,,,,,setting.email
最近登入時間,,,,,,,,,,,,,,,,setting.lastLoginTime
描述,,,,,,,,,,,,,,,,setting.description
動作,,,,,,,,,,,,,,,,setting.action
禁止登入,,,,,,,,,,,,,,,,setting.disableLogin
恢復登入,,,,,,,,,,,,,,,,setting.restoreLogin
編輯權限角色,,,,,,,,,,,,,,,,setting.editPermissionRoles
新增權限角色,,,,,,,,,,,,,,,,setting.addPermissionRole
已送出邀請信件，請於信箱內確認,,,,,,,,,,,,,,,,setting.sendEMailSuccess
可登入,,,,,,,,,,,,,,,,setting.canLogin
未啟用,,,,,,,,,,,,,,,,setting.disabled
設定新密碼,,,,,,,,,,,,,,,,setting.setNewPwd
密碼強度不足，請至少輸入 {min} 個字元,,,,,,,,,,,,,,,,setting.pwdStrengthError
密碼不符合,,,,,,,,,,,,,,,,setting.notMatchPwd
已禁止該成員登入,,,,,,,,,,,,,,,,setting.disabledMemberLogin
"禁止登入後，成員將無法使用原帳號密碼登入，但其擁有的權限不會消失，將於恢復登入後還原。

確定要禁止該成員登入嗎?",,,,,,,,,,,,,,,,setting.disabledMemberLoginTip
已恢復該成員的登入權限,,,,,,,,,,,,,,,,setting.enableMemberLogin
"恢復登入後，成員將可以使用原帳號密碼登入，其擁有的權限將會一併還原。

確定要恢復該成員的登入權限嗎?",,,,,,,,,,,,,,,,setting.enableMemberLoginTip
群組名稱,,,,,,,,,,,,,,,,setting.groupName
新增權限群組,,,,,,,,,,,,,,,,setting.addPermissionGroup
帳號管理,,,,,,,,,,,,,,,,setting.accountManagement
權限管理,,,,,,,,,,,,,,,,setting.authorityManagement
支付管理,,,,,,,,,,,,,,,,setting.paymentManagement
用戶層級,,,,,,,,,,,,,,,,setting.userLevel
用戶標籤,,,,,,,,,,,,,,,,setting.userTag
用戶管理,,,,,,,,,,,,,,,,setting.userManagement
產品管理,,,,,,,,,,,,,,,,setting.productManagement
匯率與貨幣設定,,,,,,,,,,,,,,,,setting.exchangeRateCurrencySettings
交易報表,,,,,,,,,,,,,,,,setting.transactionStatement
風險警告管理,,,,,,,,,,,,,,,,setting.riskWarningManagement
註冊及通知系統,,,,,,,,,,,,,,,,setting.registerNotificationSystem
讀取,,,,,,,,,,,,,,,,setting.read
新增,,,,,,,,,,,,,,,,setting.added
列表,,,,,,,,,,,,,,,,setting.list
更新,,,,,,,,,,,,,,,,setting.update
刪除,,,,,,,,,,,,,,,,setting.delete
功能列表,,,,,,,,,,,,,,,,setting.functionList
國家列表,,,,,,,,,,,,,,,,setting.countryList
新增國家,,,,,,,,,,,,,,,,setting.addCountry
更新國家,,,,,,,,,,,,,,,,setting.updateCountry
支付來源資訊,,,,,,,,,,,,,,,,setting.paymentSourceInformation
入金來源列表,,,,,,,,,,,,,,,,setting.depositSourceList
出金來源列表,,,,,,,,,,,,,,,,setting.withdrawalSourceList
新增入金來源,,,,,,,,,,,,,,,,setting.addDepositSource
新增出金來源,,,,,,,,,,,,,,,,setting.addWithdrawalSource
更新支付來源列表,,,,,,,,,,,,,,,,setting.updatePaymentSources
入金額度設定,,,,,,,,,,,,,,,,setting.depositAmountSetting
出金次數設定,,,,,,,,,,,,,,,,setting.withdrawalNumber
新增入金方式,,,,,,,,,,,,,,,,setting.addDepositMethod
新增出金方式,,,,,,,,,,,,,,,,setting.addWithdrawalMethod
更新出入金方式,,,,,,,,,,,,,,,,setting.updateDepositWithdrawalMethod
刪除出入金方式,,,,,,,,,,,,,,,,setting.deleteDepositWithdrawalMethod
入金方式列表,,,,,,,,,,,,,,,,setting.depositMethodList
出金方式列表,,,,,,,,,,,,,,,,setting.withdrawalMethodList
訂單列表,,,,,,,,,,,,,,,,setting.orderList
鎖定訂單,,,,,,,,,,,,,,,,setting.lockOrder
審核確定,,,,,,,,,,,,,,,,setting.reviewConfirmed
人工補入,,,,,,,,,,,,,,,,setting.manualFillIn
出金審核,,,,,,,,,,,,,,,,setting.withdrawalAudit
出金訂單可用通道列表,,,,,,,,,,,,,,,,setting.availableWithdrawalChannels
入金訂單修改金額,,,,,,,,,,,,,,,,setting.modifyDepositOrder
強平平倉設定,,,,,,,,,,,,,,,,setting.forcedLiquidationSettings
資訊,,,,,,,,,,,,,,,,setting.information
重設密碼,,,,,,,,,,,,,,,,setting.resetPassword
審核,,,,,,,,,,,,,,,,setting.audit
封鎖,,,,,,,,,,,,,,,,setting.blockade
解除封鎖,,,,,,,,,,,,,,,,setting.unblock
出金帳戶列表,,,,,,,,,,,,,,,,setting.withdrawalAccountsList
刪除出金帳戶,,,,,,,,,,,,,,,,setting.deleteWithdrawalAccount
審核出金帳戶,,,,,,,,,,,,,,,,setting.auditWithdrawalAccount
建立,,,,,,,,,,,,,,,,setting.establish
貨幣列表,,,,,,,,,,,,,,,,setting.currencyList
匯率列表,,,,,,,,,,,,,,,,setting.exchangeRateList
新增匯率,,,,,,,,,,,,,,,,setting.addExchangeRate
更新匯率,,,,,,,,,,,,,,,,setting.updateExchangeRate
備註訂單,,,,,,,,,,,,,,,,setting.noteOrder
掛單列表,,,,,,,,,,,,,,,,setting.pendingOrderList
持倉列表,,,,,,,,,,,,,,,,setting.positionList
已平倉列表,,,,,,,,,,,,,,,,setting.closedPositionList
出入金報表,,,,,,,,,,,,,,,,setting.depositWithdrawalReport
取得風險警告設定,,,,,,,,,,,,,,,,setting.getRiskEarningSettings
修改風險警告設定,,,,,,,,,,,,,,,,setting.modifyRiskEarningSettings
手續費新增,,,,,,,,,,,,,,,,setting.addedHandlingFee
手續費編輯,,,,,,,,,,,,,,,,setting.editingFee
手續費列表,,,,,,,,,,,,,,,,setting.feeList
手續費刪除,,,,,,,,,,,,,,,,setting.deleteFee
委託概況,,,,,,,,,,,,,,,,setting.commissionOverview
持倉概況,,,,,,,,,,,,,,,,setting.positionOverview
已平倉概況,,,,,,,,,,,,,,,,setting.closedPositionOverview
取得頻繁交易,,,,,,,,,,,,,,,,setting.getFrequentDeals
取得獲利異常,,,,,,,,,,,,,,,,setting.getProfitException
待審核身份認證,,,,,,,,,,,,,,,,setting.IdVerificationPending
待審核出金帳戶,,,,,,,,,,,,,,,,setting.pendingAuditWithdrawalAccount
調整啟用,,,,,,,,,,,,,,,,setting.tweakEnabled
編輯內容,,,,,,,,,,,,,,,,setting.editContent
通知語系列表,,,,,,,,,,,,,,,,setting.noticeSeriesList
總覽,,,,,,,,,,,,,,,,overallOverview.a1
通知中心,,,,,,,,,,,,,,,,overallOverview.a2
待審核入金,,,,,,,,,,,,,,,,overallOverview.a3
待審核出金,,,,,,,,,,,,,,,,overallOverview.a4
待審核身份認證,,,,,,,,,,,,,,,,overallOverview.a5
待審核出金帳戶,,,,,,,,,,,,,,,,overallOverview.a6
風險警告,,,,,,,,,,,,,,,,overallOverview.a7
入金狀態,,,,,,,,,,,,,,,,overallOverview.a8
用戶編號,,,,,,,,,,,,,,,,overallOverview.a9
入金金額(美金),,,,,,,,,,,,,,,,overallOverview.a10
入金方式,,,,,,,,,,,,,,,,overallOverview.a11
申請時間,,,,,,,,,,,,,,,,overallOverview.a12
動作,,,,,,,,,,,,,,,,overallOverview.a13
待審核,,,,,,,,,,,,,,,,overallOverview.a14
出金狀態,,,,,,,,,,,,,,,,overallOverview.a15
出金金額(美金),,,,,,,,,,,,,,,,overallOverview.a16
其他資訊,,,,,,,,,,,,,,,,overallOverview.a17
電子郵件,,,,,,,,,,,,,,,,overallOverview.a18
用戶層級,,,,,,,,,,,,,,,,overallOverview.a19
註冊時間,,,,,,,,,,,,,,,,overallOverview.a20
無資料,,,,,,,,,,,,,,,,overallOverview.a21
刷新倒數{參數}秒,,,,,,,,,,,,,,,,overallOverview.a22
總表,,,,,,,,,,,,,,,,overallOverview.a23
委託概況,,,,,,,,,,,,,,,,overallOverview.a24
持倉概況,,,,,,,,,,,,,,,,overallOverview.a25
平倉概況,,,,,,,,,,,,,,,,overallOverview.a26
出入金概況,,,,,,,,,,,,,,,,overallOverview.a27
總委託單數,,,,,,,,,,,,,,,,overallOverview.a28
最新委託,,,,,,,,,,,,,,,,overallOverview.a29
總單數,,,,,,,,,,,,,,,,overallOverview.a30
總持倉數量,,,,,,,,,,,,,,,,overallOverview.a31
平均盈虧,,,,,,,,,,,,,,,,overallOverview.a32
最新開倉,,,,,,,,,,,,,,,,overallOverview.a33
平倉單數,,,,,,,,,,,,,,,,overallOverview.a34
總平倉數量(手),,,,,,,,,,,,,,,,overallOverview.a35
最新平倉,,,,,,,,,,,,,,,,overallOverview.a36
申請筆數,,,,,,,,,,,,,,,,overallOverview.a37
審核筆數,,,,,,,,,,,,,,,,overallOverview.a38
總金額,,,,,,,,,,,,,,,,overallOverview.a39
最新申請,,,,,,,,,,,,,,,,overallOverview.a40
交易報表,,,,,,,,,,,,,,,,overallOverview.a41
委託報表,,,,,,,,,,,,,,,,overallOverview.a42
持倉列表,,,,,,,,,,,,,,,,overallOverview.a43
平倉列表,,,,,,,,,,,,,,,,overallOverview.a44
出入金報表,,,,,,,,,,,,,,,,overallOverview.a45
委託價格,,,,,,,,,,,,,,,,overallOverview.a46
委託期限,,,,,,,,,,,,,,,,overallOverview.a47
委託時間,,,,,,,,,,,,,,,,overallOverview.a48
客戶端IP,,,,,,,,,,,,,,,,overallOverview.a49
現在價格,,,,,,,,,,,,,,,,overallOverview.a50
目前盈虧,,,,,,,,,,,,,,,,overallOverview.a51
強制平倉,,,,,,,,,,,,,,,,overallOverview.a52
"強制平倉後，該使用者會依照當前的價格進行結算，可能會影響到使用者
的交易內容，且該行為無法復原。\n\n
確定要強制平倉該使用者的持倉嗎？",,,,,,,,,,,,,,,,overallOverview.a53
開倉時間,,,,,,,,,,,,,,,,overallOverview.a54
更新時間,,,,,,,,,,,,,,,,overallOverview.a55
強制平倉,,,,,,,,,,,,,,,,overallOverview.a56
更新細節,,,,,,,,,,,,,,,,overallOverview.a57
調整止{參數}價格 由{參數}調整成{參數},,,,,,,,,,,,,,,,overallOverview.a58
平倉類型,,,,,,,,,,,,,,,,overallOverview.a59
成交價格,,,,,,,,,,,,,,,,overallOverview.a60
平倉價格,,,,,,,,,,,,,,,,overallOverview.a61
總盈虧,,,,,,,,,,,,,,,,overallOverview.a62
佣金,,,,,,,,,,,,,,,,overallOverview.a63
利息,,,,,,,,,,,,,,,,overallOverview.a64
隔夜費,,,,,,,,,,,,,,,,overallOverview.a65
下單時間,,,,,,,,,,,,,,,,overallOverview.a66
成交時間,,,,,,,,,,,,,,,,overallOverview.a67
平倉時間,,,,,,,,,,,,,,,,overallOverview.a68
訂單號,,,,,,,,,,,,,,,,overallOverview.a69
止盈,,,,,,,,,,,,,,,,overallOverview.a70
止損,,,,,,,,,,,,,,,,overallOverview.a71
開倉價格,,,,,,,,,,,,,,,,overallOverview.a72
交易方向,,,,,,,,,,,,,,,,overallOverview.a73
交易數量 (手),,,,,,,,,,,,,,,,overallOverview.a74
出金方式,,,,,,,,,,,,,,,,overallOverview.a75
國家,,,,,,,,,,,,,,,,overallOverview.a76
真實姓名,,,,,,,,,,,,,,,,overallOverview.a77
手機號碼,,,,,,,,,,,,,,,,overallOverview.a78
狀態,,,,,,,,,,,,,,,,overallOverview.a79
類型,,,,,,,,,,,,,,,,overallOverview.a80
交易品項,,,,,,,,,,,,,,,,overallOverview.a81
代號,,,,,,,,,,,,,,,,overallOverview.a82
總盈虧,,,,,,,,,,,,,,,,overallOverview.a83
槓桿,,,,,,,,,,,,,,,,overallOverview.a84
交易方向,,,,,,,,,,,,,,,,overallOverview.a85
備註,,,,,,,,,,,,,,,,overallOverview.a86
保證金,,,,,,,,,,,,,,,,overallOverview.a87
整體總覽,,,,,,,,,,,,,,,,overallOverview.a88
用戶管理,,,,,,,,,,,,,,,,userManagement.a1
用戶列表,,,,,,,,,,,,,,,,userManagement.a2
出金帳戶狀態,,,,,,,,,,,,,,,,userManagement.a3
重設密碼,,,,,,,,,,,,,,,,userManagement.a4
封鎖用戶,,,,,,,,,,,,,,,,userManagement.a5
通過審核,,,,,,,,,,,,,,,,userManagement.a6
已驗證,,,,,,,,,,,,,,,,userManagement.a7
未審核,,,,,,,,,,,,,,,,userManagement.a8
待審核,,,,,,,,,,,,,,,,userManagement.a9
已封鎖,,,,,,,,,,,,,,,,userManagement.a10
未過審,,,,,,,,,,,,,,,,userManagement.a11
客戶資料,,,,,,,,,,,,,,,,userManagement.a12
用戶資料,,,,,,,,,,,,,,,,userManagement.a13
交易詳情,,,,,,,,,,,,,,,,userManagement.a14
交易設定,,,,,,,,,,,,,,,,userManagement.a15
用戶編號,,,,,,,,,,,,,,,,userManagement.a16
真實姓名,,,,,,,,,,,,,,,,userManagement.a17
國家,,,,,,,,,,,,,,,,userManagement.a18
狀態,,,,,,,,,,,,,,,,userManagement.a19
手機號碼,,,,,,,,,,,,,,,,userManagement.a20
電子郵件,,,,,,,,,,,,,,,,userManagement.a21
所屬層級,,,,,,,,,,,,,,,,userManagement.a22
註冊時間,,,,,,,,,,,,,,,,userManagement.a23
註冊來源,,,,,,,,,,,,,,,,userManagement.a24
代理推薦碼,,,,,,,,,,,,,,,,userManagement.a25
邀請碼,,,,,,,,,,,,,,,,userManagement.a26
已邀請用戶數,,,,,,,,,,,,,,,,userManagement.a27
標籤列表,,,,,,,,,,,,,,,,userManagement.a28
英文姓名,,,,,,,,,,,,,,,,userManagement.a29
證件號碼,,,,,,,,,,,,,,,,userManagement.a30
職業,,,,,,,,,,,,,,,,userManagement.a31
地址,,,,,,,,,,,,,,,,userManagement.a32
就業狀態,,,,,,,,,,,,,,,,userManagement.a33
收入,,,,,,,,,,,,,,,,userManagement.a34
總財富,,,,,,,,,,,,,,,,userManagement.a35
收入與財富來源,,,,,,,,,,,,,,,,userManagement.a36
開戶原因,,,,,,,,,,,,,,,,userManagement.a37
交易經驗,,,,,,,,,,,,,,,,userManagement.a38
開戶時間,,,,,,,,,,,,,,,,userManagement.a39
身份證明文件正面,,,,,,,,,,,,,,,,userManagement.a40
身份證明文件反面,,,,,,,,,,,,,,,,userManagement.a41
身份證明文件2,,,,,,,,,,,,,,,,userManagement.a42
手持證件自拍,,,,,,,,,,,,,,,,userManagement.a43
種類,,,,,,,,,,,,,,,,userManagement.a44
銀行代碼,,,,,,,,,,,,,,,,userManagement.a45
帳號,,,,,,,,,,,,,,,,userManagement.a46
戶名,,,,,,,,,,,,,,,,userManagement.a47
附加檔案,,,,,,,,,,,,,,,,userManagement.a48
備註,,,,,,,,,,,,,,,,userManagement.a49
鎖定,,,,,,,,,,,,,,,,userManagement.a50
審核駁回,,,,,,,,,,,,,,,,userManagement.a51
編輯用戶資料,,,,,,,,,,,,,,,,userManagement.a52
確定要將這用戶駁回審核?,,,,,,,,,,,,,,,,userManagement.a53
確定要將這用戶通過審核?,,,,,,,,,,,,,,,,userManagement.a54
取消,,,,,,,,,,,,,,,,userManagement.a55
解除封鎖,,,,,,,,,,,,,,,,userManagement.a56
"確定要解除封鎖該用戶嗎？\n\n
解除封鎖用戶後，該用戶將可以重新登入並進行交易",,,,,,,,,,,,,,,,userManagement.a57
"重置該用戶的密碼，系統將會主動發送一封重置密碼確認信件，引導用戶重新設定新密碼。\n\n
重設密碼後，原本的密碼將無法使用，確定要重設密碼嗎？",,,,,,,,,,,,,,,,userManagement.a58
"確定要封鎖該用戶嗎？
封鎖用戶後，該用戶將無法登入、並進行交易，直到您再次解除封鎖。",,,,,,,,,,,,,,,,userManagement.a59
封鎖,,,,,,,,,,,,,,,,userManagement.a60
確認審核,,,,,,,,,,,,,,,,userManagement.a61
通過出金帳戶,,,,,,,,,,,,,,,,userManagement.a62
確定要通過這用戶出金帳戶審核？,,,,,,,,,,,,,,,,userManagement.a63
拒絕出金帳戶,,,,,,,,,,,,,,,,userManagement.a64
"拒絕該帳戶的審核，將會導致用戶無法使用該帳戶出金。如用戶需要使用該帳戶出金，則需再次申請。\n\n
請填寫拒絕的原因:",,,,,,,,,,,,,,,,userManagement.a65
請輸入拒絕原因,,,,,,,,,,,,,,,,userManagement.a66
拒絕審核,,,,,,,,,,,,,,,,userManagement.a67
刪除出金帳戶,,,,,,,,,,,,,,,,userManagement.a68
"刪除該帳戶，將會導致用戶無法使用該帳戶出金。如用戶需要使用該帳戶出金，則需再次申請。\n\n
確定要刪除出金帳戶嗎？",,,,,,,,,,,,,,,,userManagement.a69
刪除,,,,,,,,,,,,,,,,userManagement.a70
出金帳戶附加檔案,,,,,,,,,,,,,,,,userManagement.a71
總覽,,,,,,,,,,,,,,,,userManagement.a72
交易細節,,,,,,,,,,,,,,,,userManagement.a73
浮動盈虧,,,,,,,,,,,,,,,,userManagement.a74
佔用保證金,,,,,,,,,,,,,,,,userManagement.a75
佔用保證金(含盈虧),,,,,,,,,,,,,,,,userManagement.a76
可用保證金,,,,,,,,,,,,,,,,userManagement.a77
入金總額,,,,,,,,,,,,,,,,userManagement.a78
出金總額,,,,,,,,,,,,,,,,userManagement.a79
資金淨值,,,,,,,,,,,,,,,,userManagement.a80
延遲時間,,,,,,,,,,,,,,,,userManagement.a81
儲存,,,,,,,,,,,,,,,,userManagement.a82
點差及手續費設定,,,,,,,,,,,,,,,,userManagement.a83
用戶層級,,,,,,,,,,,,,,,,userManagement.a84
用戶層級列表,,,,,,,,,,,,,,,,userManagement.a85
標籤列表,,,,,,,,,,,,,,,,userManagement.a86
出入金相關,,,,,,,,,,,,,,,,userManagement.a87
首次最低入金額度,,,,,,,,,,,,,,,,userManagement.a88
最低入金額度,,,,,,,,,,,,,,,,userManagement.a89
人工審核額度,,,,,,,,,,,,,,,,userManagement.a90
入金方式,,,,,,,,,,,,,,,,userManagement.a91
入金手續費,,,,,,,,,,,,,,,,userManagement.a92
單筆最低取款金額,,,,,,,,,,,,,,,,userManagement.a93
24小時免費出金次數,,,,,,,,,,,,,,,,userManagement.a94
24小時可出金次數,,,,,,,,,,,,,,,,userManagement.a95
出金方式,,,,,,,,,,,,,,,,userManagement.a96
出金手續費,,,,,,,,,,,,,,,,userManagement.a97
強制平倉設定,,,,,,,,,,,,,,,,userManagement.a98
平日收盤前強平比例,,,,,,,,,,,,,,,,userManagement.a99
假日收盤前強平比例,,,,,,,,,,,,,,,,userManagement.a100
平時強平比例,,,,,,,,,,,,,,,,userManagement.a101
即將平倉通知比例,,,,,,,,,,,,,,,,userManagement.a102
點差,,,,,,,,,,,,,,,,userManagement.a103
延遲下單時間,,,,,,,,,,,,,,,,userManagement.a104
單筆交易手續費,,,,,,,,,,,,,,,,userManagement.a105
高於,,,,,,,,,,,,,,,,userManagement.a106
手續費 ,,,,,,,,,,,,,,,,userManagement.a107
如欲調整比例及數字，請前往個別頁面設定。,,,,,,,,,,,,,,,,userManagement.a108
查看更多,,,,,,,,,,,,,,,,userManagement.a109
標籤名稱,,,,,,,,,,,,,,,,userManagement.a110
目前貼標人數,,,,,,,,,,,,,,,,userManagement.a111
新增時間,,,,,,,,,,,,,,,,userManagement.a112
動作,,,,,,,,,,,,,,,,userManagement.a113
選擇入金方式(可複選),,,,,,,,,,,,,,,,userManagement.a114
選擇出金方式(可複選),,,,,,,,,,,,,,,,userManagement.a115
已成功解除封鎖該用戶,,,,,,,,,,,,,,,,userManagement.a116
交易品項列表,,,,,,,,,,,,,,,,transactionItemList.a1
狀態,,,,,,,,,,,,,,,,transactionItemList.a2
交易品項,,,,,,,,,,,,,,,,transactionItemList.a3
品名解釋,,,,,,,,,,,,,,,,transactionItemList.a4
代號,,,,,,,,,,,,,,,,transactionItemList.a5
交易所,,,,,,,,,,,,,,,,transactionItemList.a6
標籤,,,,,,,,,,,,,,,,transactionItemList.a7
品種,,,,,,,,,,,,,,,,transactionItemList.a8
當前槓桿,,,,,,,,,,,,,,,,transactionItemList.a9
槓桿,,,,,,,,,,,,,,,,transactionItemList.a10
點差(買),,,,,,,,,,,,,,,,transactionItemList.a11
點差(賣),,,,,,,,,,,,,,,,transactionItemList.a12
滑價,,,,,,,,,,,,,,,,transactionItemList.a13
單邊最大數量,,,,,,,,,,,,,,,,transactionItemList.a14
開始時間,,,,,,,,,,,,,,,,transactionItemList.a15
到期時間,,,,,,,,,,,,,,,,transactionItemList.a16
交易時段,,,,,,,,,,,,,,,,transactionItemList.a17
契約規模,,,,,,,,,,,,,,,,transactionItemList.a18
最小波動單位,,,,,,,,,,,,,,,,transactionItemList.a19
最小單筆交易數量,,,,,,,,,,,,,,,,transactionItemList.a20
最大單筆交易數量,,,,,,,,,,,,,,,,transactionItemList.a21
最大總持倉數量,,,,,,,,,,,,,,,,transactionItemList.a22
買入隔夜費,,,,,,,,,,,,,,,,transactionItemList.a23
賣出隔夜費,,,,,,,,,,,,,,,,transactionItemList.a24
隔夜費收取時間,,,,,,,,,,,,,,,,transactionItemList.a25
掛單距離,,,,,,,,,,,,,,,,transactionItemList.a26
停止交易,,,,,,,,,,,,,,,,transactionItemList.a27
可交易,,,,,,,,,,,,,,,,transactionItemList.a28
關閉交易,,,,,,,,,,,,,,,,transactionItemList.a29
週,,,,,,,,,,,,,,,,transactionItemList.a30
重啟交易,,,,,,,,,,,,,,,,transactionItemList.a31
合約強平,,,,,,,,,,,,,,,,transactionItemList.a32
請選擇標籤,,,,,,,,,,,,,,,,transactionItemList.a33
請選擇狀態,,,,,,,,,,,,,,,,transactionItemList.a34
請選擇槓桿,,,,,,,,,,,,,,,,transactionItemList.a35
請選擇星期,,,,,,,,,,,,,,,,transactionItemList.a36
起始時間,,,,,,,,,,,,,,,,transactionItemList.a37
結束時間,,,,,,,,,,,,,,,,transactionItemList.a38
"停止交易將會使新的交易只能使用掛單方式下單，目前已經持倉的交易部會受到影響。\n\n
確定要停止交易嗎?",,,,,,,,,,,,,,,,transactionItemList.a39
"關閉交易會使該商品從前台下架，無法被使用者下單。\n\n
目前已經持倉的交易將會全數被強平。\n\n
確定要關閉交易嗎?",,,,,,,,,,,,,,,,transactionItemList.a40
"重啟交易後，該商品將可以再次被使用者下單。\n\n
請檢查品項設定無誤後再重啟交易。\n\n
確定要重啟交易嗎?",,,,,,,,,,,,,,,,transactionItemList.a41
"因更換合約，要把全部持倉都清空\n\n
可能會導致用戶的交易受到影響。\n\n
確定要合約強平嗎?",,,,,,,,,,,,,,,,transactionItemList.a42
確定要刪除產品嗎?,,,,,,,,,,,,,,,,transactionItemList.a43
參數管理,,,,,,,,,,,,,,,,paramManagement.title
交易品項列表,,,,,,,,,,,,,,,,paramManagement.tradingList
匯率與貨幣設定,,,,,,,,,,,,,,,,paramManagement.exchangeRateCurrencySettings
強平平倉設定,,,,,,,,,,,,,,,,paramManagement.forcedLiquidationSettings
成就階級任務,,,,,,,,,,,,,,,,paramManagement.achievement
活動設定,,,,,,,,,,,,,,,,paramManagement.eventSettings
保證金設定,,,,,,,,,,,,,,,,paramManagement.marginSetting
假日收盤前強平比例,,,,,,,,,,,,,,,,paramManagement.holidayCloseRate
平時強平比例,,,,,,,,,,,,,,,,paramManagement.weekdayCloseRate
即將平倉通知比例,,,,,,,,,,,,,,,,paramManagement.ClosePositionRate
達到強制平倉額度的,,,,,,,,,,,,,,,,paramManagement.forcedLiquidationLimit
平日收盤前強平比例,,,,,,,,,,,,,,,,paramManagement.weekdayMarketCloseRate
收盤前檢查時間,,,,,,,,,,,,,,,,paramManagement.closeCheckTime
分鐘,,,,,,,,,,,,,,,,paramManagement.minute
"備註：
1.當帳戶餘額低於保證金，將會強制平倉。強制平倉通知相關設定，請前往通知設定查看。

2.如欲設定不同層級用戶的保證金額度比例，請前往用戶層級調整。",,,,,,,,,,,,,,,,paramManagement.forcedLiquidationSettingsRemark
貨幣列表,,,,,,,,,,,,,,,,paramManagement.currencyList
匯率設定,,,,,,,,,,,,,,,,paramManagement.exchangeRateSetting
貨幣名稱,,,,,,,,,,,,,,,,paramManagement.currencyName
貨幣兌,,,,,,,,,,,,,,,,paramManagement.currencyPair
取款兌換率,,,,,,,,,,,,,,,,paramManagement.withdrawalExchangeRate
存款兌換率,,,,,,,,,,,,,,,,paramManagement.depositExchangeRate
建立時間,,,,,,,,,,,,,,,,paramManagement.createdTime
最後更新時間,,,,,,,,,,,,,,,,paramManagement.lastUpdateTime
動作,,,,,,,,,,,,,,,,paramManagement.action
貨幣,,,,,,,,,,,,,,,,paramManagement.currency
欲兌換貨幣,,,,,,,,,,,,,,,,paramManagement.wantExchangeCurrency
風險警告,,,,,,,,,,,,,,,,riskWarning.title
頻繁交易,,,,,,,,,,,,,,,,riskWarning.frequentTransactions
盈利異常,,,,,,,,,,,,,,,,riskWarning.abnormalProfit
同IP帳號,,,,,,,,,,,,,,,,riskWarning.sameIP
風險警告設定,,,,,,,,,,,,,,,,riskWarning.riskWarningSettings
用戶編號,,,,,,,,,,,,,,,,riskWarning.userID
真實姓名,,,,,,,,,,,,,,,,riskWarning.realName
手機,,,,,,,,,,,,,,,,riskWarning.phone
國家,,,,,,,,,,,,,,,,riskWarning.country
商品名稱,,,,,,,,,,,,,,,,riskWarning.productName
開倉時間,,,,,,,,,,,,,,,,riskWarning.openingTime
平倉時間,,,,,,,,,,,,,,,,riskWarning.closingTime
間隔秒數,,,,,,,,,,,,,,,,riskWarning.intervalSeconds
動作,,,,,,,,,,,,,,,,riskWarning.action
查看詳情,,,,,,,,,,,,,,,,riskWarning.checkDetails
封鎖用戶,,,,,,,,,,,,,,,,riskWarning.blockUser
已成功封鎖該用戶,,,,,,,,,,,,,,,,riskWarning.blockUserSuccess
"確定要封鎖該用戶嗎？

封鎖用戶後，該用戶將無法登入、並進行交易，直到您再次解除封鎖。",,,,,,,,,,,,,,,,riskWarning.blockUserTip
總盈利金額,,,,,,,,,,,,,,,,riskWarning.totalProfit
總交易筆數,,,,,,,,,,,,,,,,riskWarning.totalTradeCount
盈利交易佔比,,,,,,,,,,,,,,,,riskWarning.profitTradePercent
最新平倉時間,,,,,,,,,,,,,,,,riskWarning.latestClosingTime
封鎖,,,,,,,,,,,,,,,,riskWarning.block
頻繁交易通知,,,,,,,,,,,,,,,,riskWarning.frequentTransactionNotifications
盈利異常通知,,,,,,,,,,,,,,,,riskWarning.profitAbnormalNotice
同IP帳號通知,,,,,,,,,,,,,,,,riskWarning.sameIpNotification
當使用者於開倉後{second}秒內平倉,,,,,,,,,,,,,,,,riskWarning.userOpenPositionClosed
總盈利金額大於{value},,,,,,,,,,,,,,,,riskWarning.totalProfitMore
且,,,,,,,,,,,,,,,,riskWarning.and
或,,,,,,,,,,,,,,,,riskWarning.or
盈利筆數佔比大於{percent}%,,,,,,,,,,,,,,,,riskWarning.a1
同一IP擁有{count}個帳號,,,,,,,,,,,,,,,,riskWarning.ownedSameIP
上次發布時間,,,,,,,,,,,,,,,,common.lastPublishedTime
發布,,,,,,,,,,,,,,,,common.release
登出,,,,,,,,,,,,,,,,common.logout
全部關閉,,,,,,,,,,,,,,,,common.cancelAll
新增,,,,,,,,,,,,,,,,common.add
編輯,,,,,,,,,,,,,,,,common.edit
刪除,,,,,,,,,,,,,,,,common.delete
儲存,,,,,,,,,,,,,,,,common.save
取消,,,,,,,,,,,,,,,,common.cancel
送出,,,,,,,,,,,,,,,,common.send
共{count}筆,,,,,,,,,,,,,,,,common.totalCount
{count}筆/頁,,,,,,,,,,,,,,,,common.pageCount
前往,,,,,,,,,,,,,,,,common.go
頁,,,,,,,,,,,,,,,,common.page
無資料,,,,,,,,,,,,,,,,common.empty
欄位為必填,,,,,,,,,,,,,,,,common.requiredField
必填欄位,,,,,,,,,,,,,,,,common.requiredField2
全選,,,,,,,,,,,,,,,,common.selectAll
修改成功,,,,,,,,,,,,,,,,common.modifySuccess
新增成功,,,,,,,,,,,,,,,,common.addSuccess
刪除成功,,,,,,,,,,,,,,,,common.deleteSuccess